Molecule_ID_name,protein,drug,label,prediction,docking_score,rDock.Score,rDock.Score.Inter
lig_251,CQPTRFISRHNIEGIFTFVDHRCVATVGYQPQELLGKNIVEFCHPEDQQLLRDSFQQVVKLKGQVLSVMFRFRSKNQEWLWMRTSSFTFQNPYSDEIEYIICTNTNVKNS,CNS(=O)(=O)c1ccc(Oc2cc(F)cc(F)c2)c2c1[C@H](O)C(F)(F)C2,7.508638381958008,7.377523422241211,-10.658,-11.39309524,-5.800238095
lig_231,CQPTRFISRHNIEGIFTFVDHRCVATVGYQPQELLGKNIVEFCHPEDQQLLRDSFQQVVKLKGQVLSVMFRFRSKNQEWLWMRTSSFTFQNPYSDEIEYIICTNTNVKNS,CS(=O)(=O)c1ccc(Oc2cc(F)cc(C#N)c2)c2c1[C@H](O)[C@H](F)C2,7.346787452697754,7.310283660888672,-11.176,-11.97761905,-6.465714286
lig_289,CQPTRFISRHNIEGIFTFVDHRCVATVGYQPQELLGKNIVEFCHPEDQQLLRDSFQQVVKLKGQVLSVMFRFRSKNQEWLWMRTSSFTFQNPYSDEIEYIICTNTNVKNS,CS(=O)(=O)c1ccc(Oc2cc(F)cc(C#N)c2)c2c1[C@H](O)[C@H](F)[C@@H]2F,8,7.396882534,-11.389,-11.92404762,-6.44
lig_1,CQPTRFISRHNIEGIFTFVDHRCVATVGYQPQELLGKNIVEFCHPEDQQLLRDSFQQVVKLKGQVLSVMFRFRSKNQEWLWMRTSSFTFQNPYSDEIEYIICTNTNVKNS,O=S(=O)(c1ccc(Oc2cc(F)cc(Cl)c2)c2c1[C@H](O)CC2)C(F)F,8.301030158996582,7.353113174438477,-10.776,-11.43238095,-5.870952381
lig_167,CQPTRFISRHNIEGIFTFVDHRCVATVGYQPQELLGKNIVEFCHPEDQQLLRDSFQQVVKLKGQVLSVMFRFRSKNQEWLWMRTSSFTFQNPYSDEIEYIICTNTNVKNS,N#Cc1cc(Cl)cc(Oc2ccc(S(=O)(=O)CF)c3c2CC(F)(F)[C@H]3O)c1,7.823908805847168,7.398309707641602,-10.907,-12.47,-6.737857143
lig_155,CQPTRFISRHNIEGIFTFVDHRCVATVGYQPQELLGKNIVEFCHPEDQQLLRDSFQQVVKLKGQVLSVMFRFRSKNQEWLWMRTSSFTFQNPYSDEIEYIICTNTNVKNS,N#Cc1cc(F)cc(Oc2ccc(S(=O)(=O)C(F)F)c3c2CC[C@H]3O)c1,7.698969841003418,6.878276824951172,-10.929,-11.86595238,-6.10047619
lig_224,CQPTRFISRHNIEGIFTFVDHRCVATVGYQPQELLGKNIVEFCHPEDQQLLRDSFQQVVKLKGQVLSVMFRFRSKNQEWLWMRTSSFTFQNPYSDEIEYIICTNTNVKNS,Cn1cc(Oc2ccc(S(=O)(=O)C(F)(F)F)c3c2CC(F)(F)[C@H]3O)cn1,7.080922127,7.082332611083984,-9.889,-12.32047619,-4.772619048
lig_165,CQPTRFISRHNIEGIFTFVDHRCVATVGYQPQELLGKNIVEFCHPEDQQLLRDSFQQVVKLKGQVLSVMFRFRSKNQEWLWMRTSSFTFQNPYSDEIEYIICTNTNVKNS,CS(=O)(=O)c1ccc(Oc2cc(F)cc(C#N)c2)c2c1[C@H](N)C(F)(F)C2,6.7695512771606445,7.499589920043945,-11.784,-12.96071429,-6.833333333
lig_15,CQPTRFISRHNIEGIFTFVDHRCVATVGYQPQELLGKNIVEFCHPEDQQLLRDSFQQVVKLKGQVLSVMFRFRSKNQEWLWMRTSSFTFQNPYSDEIEYIICTNTNVKNS,N#Cc1cc(F)cc(Oc2ccc(S(=O)(=O)C(F)F)c3c2CC(F)(F)[C@H]3O)c1,8.096910477,7.098017692565918,-11.862,-12.03357143,-6.292142857
lig_54,CQPTRFISRHNIEGIFTFVDHRCVATVGYQPQELLGKNIVEFCHPEDQQLLRDSFQQVVKLKGQVLSVMFRFRSKNQEWLWMRTSSFTFQNPYSDEIEYIICTNTNVKNS,CS(=O)(=O)c1ccc(Oc2cc(F)cc(Cl)c2)c(C(F)F)c1CO,6.823908805847168,7.459932327270508,-9.257,-10.98404762,-5.395
lig_41,CQPTRFISRHNIEGIFTFVDHRCVATVGYQPQELLGKNIVEFCHPEDQQLLRDSFQQVVKLKGQVLSVMFRFRSKNQEWLWMRTSSFTFQNPYSDEIEYIICTNTNVKNS,O=S(=O)(c1ccc(Oc2cc(F)cc(Cl)c2)c(Cl)c1CO)C(F)F,7.173925399780273,7.084275722503662,-9.63,-11.03690476,-5.284761905
lig_35,CQPTRFISRHNIEGIFTFVDHRCVATVGYQPQELLGKNIVEFCHPEDQQLLRDSFQQVVKLKGQVLSVMFRFRSKNQEWLWMRTSSFTFQNPYSDEIEYIICTNTNVKNS,N#Cc1c(Oc2cc(F)cc(Cl)c2)ccc(S(=O)(=O)C(F)F)c1CO,5.2441253662109375,6.426053047180176,-9.27,-11.30571429,-5.539285714
lig_252,CQPTRFISRHNIEGIFTFVDHRCVATVGYQPQELLGKNIVEFCHPEDQQLLRDSFQQVVKLKGQVLSVMFRFRSKNQEWLWMRTSSFTFQNPYSDEIEYIICTNTNVKNS,N#Cc1cc(F)cc(Oc2ccc(S(N)(=O)=O)c3c2CC(F)(F)[C@H]3O)c1,7.119186401367188,7.629548072814941,-11.574,-11.665,-6.181190476
lig_57,CQPTRFISRHNIEGIFTFVDHRCVATVGYQPQELLGKNIVEFCHPEDQQLLRDSFQQVVKLKGQVLSVMFRFRSKNQEWLWMRTSSFTFQNPYSDEIEYIICTNTNVKNS,N#Cc1cc(F)cc(Oc2ccc(S(=O)(=O)C(F)(F)F)c3c2CC[C@H]3O)c1,7.823908805847168,6.726267814636231,-10.831,-11.84404762,-6.143809524
lig_50,CQPTRFISRHNIEGIFTFVDHRCVATVGYQPQELLGKNIVEFCHPEDQQLLRDSFQQVVKLKGQVLSVMFRFRSKNQEWLWMRTSSFTFQNPYSDEIEYIICTNTNVKNS,Cc1c(S(C)(=O)=O)ccc(Oc2cc(F)cc(Cl)c2)c1C#N,7.107905387878418,6.857287406921387,-9.971,-10.63190476,-5.115238095
lig_336,CQPTRFISRHNIEGIFTFVDHRCVATVGYQPQELLGKNIVEFCHPEDQQLLRDSFQQVVKLKGQVLSVMFRFRSKNQEWLWMRTSSFTFQNPYSDEIEYIICTNTNVKNS,N#Cc1cc(F)cc(Oc2ccc(S(N)(=O)=O)c3c2[C@@H](F)[C@@H](F)[C@H]3O)c1,7.200659752,7.586399078369141,-11.163,-12.42380952,-6.15
lig_163,CQPTRFISRHNIEGIFTFVDHRCVATVGYQPQELLGKNIVEFCHPEDQQLLRDSFQQVVKLKGQVLSVMFRFRSKNQEWLWMRTSSFTFQNPYSDEIEYIICTNTNVKNS,CS(=O)(=O)c1ccc(Oc2cc(F)cc(C#N)c2)c2c1[C@H](O)C(F)(F)C2,8.070581436157227,7.453058242797852,-11.816,-12.04595238,-6.551428571
lig_25,CQPTRFISRHNIEGIFTFVDHRCVATVGYQPQELLGKNIVEFCHPEDQQLLRDSFQQVVKLKGQVLSVMFRFRSKNQEWLWMRTSSFTFQNPYSDEIEYIICTNTNVKNS,O=S(=O)(c1ccc(Oc2cncc(Cl)c2)c2c1[C@H](O)C(F)(F)C2)C(F)F,7.537602424621582,7.278083801269531,-10.535,-11.76,-5.905238095
lig_61,CQPTRFISRHNIEGIFTFVDHRCVATVGYQPQELLGKNIVEFCHPEDQQLLRDSFQQVVKLKGQVLSVMFRFRSKNQEWLWMRTSSFTFQNPYSDEIEYIICTNTNVKNS,O=S(=O)(CF)c1ccc(Oc2cc(F)cc(Cl)c2)c2c1[C@H](O)CC2,7.408935547,7.230988502502441,-10.28,-11.54761905,-5.860952381
lig_290,CQPTRFISRHNIEGIFTFVDHRCVATVGYQPQELLGKNIVEFCHPEDQQLLRDSFQQVVKLKGQVLSVMFRFRSKNQEWLWMRTSSFTFQNPYSDEIEYIICTNTNVKNS,N#Cc1cc(F)cc(Oc2ccc(S(=O)(=O)C(F)(F)F)c3c2CC(F)(F)[C@H]3N)c1,7.744727611541748,7.2276201248168945,-11.731,-12.71642857,-6.783333333
lig_43,CQPTRFISRHNIEGIFTFVDHRCVATVGYQPQELLGKNIVEFCHPEDQQLLRDSFQQVVKLKGQVLSVMFRFRSKNQEWLWMRTSSFTFQNPYSDEIEYIICTNTNVKNS,N#Cc1cccc(Oc2ccc(S(=O)(=O)C(F)F)c(CO)c2Cl)c1,6.376750946044922,6.765261650085449,-9.434,-11.29880952,-5.470714286
lig_67,CQPTRFISRHNIEGIFTFVDHRCVATVGYQPQELLGKNIVEFCHPEDQQLLRDSFQQVVKLKGQVLSVMFRFRSKNQEWLWMRTSSFTFQNPYSDEIEYIICTNTNVKNS,N#Cc1ccc(Oc2cc(F)cc(F)c2)c2c1[C@H](O)C(F)(F)C2,7.455932140350342,7.3120808601379395,-11.093,-10.79333333,-5.291428571
lig_227,CQPTRFISRHNIEGIFTFVDHRCVATVGYQPQELLGKNIVEFCHPEDQQLLRDSFQQVVKLKGQVLSVMFRFRSKNQEWLWMRTSSFTFQNPYSDEIEYIICTNTNVKNS,N#Cc1cc(F)cc(Oc2ccc(S(=O)(=O)C(F)(F)F)c3c2C[C@@H](F)[C@H]3O)c1,7.886056900024414,6.844965458,-11.211,-12.00309524,-6.247380952
lig_338,CQPTRFISRHNIEGIFTFVDHRCVATVGYQPQELLGKNIVEFCHPEDQQLLRDSFQQVVKLKGQVLSVMFRFRSKNQEWLWMRTSSFTFQNPYSDEIEYIICTNTNVKNS,N#Cc1cc(F)cc(Oc2ccc(S(N)(=O)=O)c3c2[C@@H](F)C(F)(F)[C@H]3O)c1,7.886056900024414,7.634015560150146,-11.767,-12.54333333,-6.268571429
lig_215,CQPTRFISRHNIEGIFTFVDHRCVATVGYQPQELLGKNIVEFCHPEDQQLLRDSFQQVVKLKGQVLSVMFRFRSKNQEWLWMRTSSFTFQNPYSDEIEYIICTNTNVKNS,N#Cc1cc(F)cc(Oc2ccc(S(=O)(=O)CCl)c3c2CC(F)(F)[C@H]3O)c1,7.769551277160644,7.743795394897461,-10.48,-12.45119048,-6.820714286
lig_30,CQPTRFISRHNIEGIFTFVDHRCVATVGYQPQELLGKNIVEFCHPEDQQLLRDSFQQVVKLKGQVLSVMFRFRSKNQEWLWMRTSSFTFQNPYSDEIEYIICTNTNVKNS,N#Cc1cc(F)cc(Oc2ccc(S(=O)(=O)C(F)F)c(Cl)c2C#N)c1,7.744727611541748,6.391415119171143,-10.336,-11.00214286,-5.198095238
lig_235,CQPTRFISRHNIEGIFTFVDHRCVATVGYQPQELLGKNIVEFCHPEDQQLLRDSFQQVVKLKGQVLSVMFRFRSKNQEWLWMRTSSFTFQNPYSDEIEYIICTNTNVKNS,N#Cc1cncc(Oc2ccc(S(=O)(=O)C(F)(F)F)c3c2CC(F)(F)[C@H]3O)c1,7.4202165603637695,7.192624092102051,-11.077,-11.72404762,-6.127619048
lig_31,CQPTRFISRHNIEGIFTFVDHRCVATVGYQPQELLGKNIVEFCHPEDQQLLRDSFQQVVKLKGQVLSVMFRFRSKNQEWLWMRTSSFTFQNPYSDEIEYIICTNTNVKNS,Cc1c(S(=O)(=O)C(F)F)ccc(Oc2cccc(C#N)c2)c1C#N,6.4814863204956055,6.941388130187988,-9.95,-10.72261905,-5.085952381
lig_23,CQPTRFISRHNIEGIFTFVDHRCVATVGYQPQELLGKNIVEFCHPEDQQLLRDSFQQVVKLKGQVLSVMFRFRSKNQEWLWMRTSSFTFQNPYSDEIEYIICTNTNVKNS,O=S(=O)(c1ccc(Oc2cc(F)cc(F)c2)c2c1[C@H](O)[C@H](O)C2)C(F)F,5.180456161499023,7.257236480712891,-10.273,-11.39714286,-5.570238095
lig_254,CQPTRFISRHNIEGIFTFVDHRCVATVGYQPQELLGKNIVEFCHPEDQQLLRDSFQQVVKLKGQVLSVMFRFRSKNQEWLWMRTSSFTFQNPYSDEIEYIICTNTNVKNS,CNS(=O)(=O)c1ccc(Oc2cc(F)cc(C#N)c2)c2c1[C@H](O)C(F)(F)C2,7,7.324958801269531,-11.376,-12.16095238,-6.616904762