Index,Drug,Target,Y
0,O=C([O-])c1[nH]c2ccccc2c1CCCOc1ccccc1,GDELYRQSLEIISRYLREQATGAKDTKPMGRSGATSRKALETLRRVGDGVQRNHETAFQGMLRKLDIKNEDDVKSLSRVMIHVFSDGVTNWGRIVTLISFGAFVAKHLKTINQESCIEPLAESITDVLVRTKRDWLVKQRGWDGFVEFFHV,4.455931955649724
1,Cc1ccccc1OCCCc1c(C(=O)[O-])[nH]c2ccccc12,GDELYRQSLEIISRYLREQATGAKDTKPMGRSGATSRKALETLRRVGDGVQRNHETAFQGMLRKLDIKNEDDVKSLSRVMIHVFSDGVTNWGRIVTLISFGAFVAKHLKTINQESCIEPLAESITDVLVRTKRDWLVKQRGWDGFVEFFHV,4.823908740944319
2,Cc1cccc(OCCCc2c(C(=O)[O-])[nH]c3ccccc23)c1,GDELYRQSLEIISRYLREQATGAKDTKPMGRSGATSRKALETLRRVGDGVQRNHETAFQGMLRKLDIKNEDDVKSLSRVMIHVFSDGVTNWGRIVTLISFGAFVAKHLKTINQESCIEPLAESITDVLVRTKRDWLVKQRGWDGFVEFFHV,5.721246399047171
3,O=C([O-])c1[nH]c2ccccc2c1CCCOc1cccc(C(F)(F)F)c1,GDELYRQSLEIISRYLREQATGAKDTKPMGRSGATSRKALETLRRVGDGVQRNHETAFQGMLRKLDIKNEDDVKSLSRVMIHVFSDGVTNWGRIVTLISFGAFVAKHLKTINQESCIEPLAESITDVLVRTKRDWLVKQRGWDGFVEFFHV,5.769551078621726
4,Cc1ccc(OCCCc2c(C(=O)[O-])[nH]c3ccccc23)cc1,GDELYRQSLEIISRYLREQATGAKDTKPMGRSGATSRKALETLRRVGDGVQRNHETAFQGMLRKLDIKNEDDVKSLSRVMIHVFSDGVTNWGRIVTLISFGAFVAKHLKTINQESCIEPLAESITDVLVRTKRDWLVKQRGWDGFVEFFHV,4.795880017344075
5,O=C([O-])c1[nH]c2ccccc2c1CCCOc1ccc(Cl)cc1,GDELYRQSLEIISRYLREQATGAKDTKPMGRSGATSRKALETLRRVGDGVQRNHETAFQGMLRKLDIKNEDDVKSLSRVMIHVFSDGVTNWGRIVTLISFGAFVAKHLKTINQESCIEPLAESITDVLVRTKRDWLVKQRGWDGFVEFFHV,5.008773924307505
6,O=C([O-])c1[nH]c2ccccc2c1CCCOc1ccc(C(F)(F)F)cc1,GDELYRQSLEIISRYLREQATGAKDTKPMGRSGATSRKALETLRRVGDGVQRNHETAFQGMLRKLDIKNEDDVKSLSRVMIHVFSDGVTNWGRIVTLISFGAFVAKHLKTINQESCIEPLAESITDVLVRTKRDWLVKQRGWDGFVEFFHV,5.00436480540245
7,Cc1cc(OCCCc2c(C(=O)[O-])[nH]c3ccccc23)ccc1Cl,GDELYRQSLEIISRYLREQATGAKDTKPMGRSGATSRKALETLRRVGDGVQRNHETAFQGMLRKLDIKNEDDVKSLSRVMIHVFSDGVTNWGRIVTLISFGAFVAKHLKTINQESCIEPLAESITDVLVRTKRDWLVKQRGWDGFVEFFHV,6.42021640338319
8,CCc1cc(OCCCc2c(C(=O)[O-])[nH]c3ccccc23)ccc1Cl,GDELYRQSLEIISRYLREQATGAKDTKPMGRSGATSRKALETLRRVGDGVQRNHETAFQGMLRKLDIKNEDDVKSLSRVMIHVFSDGVTNWGRIVTLISFGAFVAKHLKTINQESCIEPLAESITDVLVRTKRDWLVKQRGWDGFVEFFHV,5.958607314841775
9,Cc1cc(OCCCc2c(C(=O)[O-])[nH]c3ccccc23)cc(C)c1Cl,GDELYRQSLEIISRYLREQATGAKDTKPMGRSGATSRKALETLRRVGDGVQRNHETAFQGMLRKLDIKNEDDVKSLSRVMIHVFSDGVTNWGRIVTLISFGAFVAKHLKTINQESCIEPLAESITDVLVRTKRDWLVKQRGWDGFVEFFHV,6.522878745280337
10,O=C([O-])c1[nH]c2ccccc2c1CCCOc1ccc2ccccc2c1,GDELYRQSLEIISRYLREQATGAKDTKPMGRSGATSRKALETLRRVGDGVQRNHETAFQGMLRKLDIKNEDDVKSLSRVMIHVFSDGVTNWGRIVTLISFGAFVAKHLKTINQESCIEPLAESITDVLVRTKRDWLVKQRGWDGFVEFFHV,5.1249387366083
11,O=C([O-])c1[nH]c2ccccc2c1CCCOc1ccc2c(c1)CCC2,GDELYRQSLEIISRYLREQATGAKDTKPMGRSGATSRKALETLRRVGDGVQRNHETAFQGMLRKLDIKNEDDVKSLSRVMIHVFSDGVTNWGRIVTLISFGAFVAKHLKTINQESCIEPLAESITDVLVRTKRDWLVKQRGWDGFVEFFHV,5.537602002101044
12,O=C([O-])c1[nH]c2ccccc2c1CCCOc1ccc2ncccc2c1,GDELYRQSLEIISRYLREQATGAKDTKPMGRSGATSRKALETLRRVGDGVQRNHETAFQGMLRKLDIKNEDDVKSLSRVMIHVFSDGVTNWGRIVTLISFGAFVAKHLKTINQESCIEPLAESITDVLVRTKRDWLVKQRGWDGFVEFFHV,4.207608310501746
13,O=C([O-])c1[nH]c2ccccc2c1CCCOc1cccc2[nH]ccc12,GDELYRQSLEIISRYLREQATGAKDTKPMGRSGATSRKALETLRRVGDGVQRNHETAFQGMLRKLDIKNEDDVKSLSRVMIHVFSDGVTNWGRIVTLISFGAFVAKHLKTINQESCIEPLAESITDVLVRTKRDWLVKQRGWDGFVEFFHV,4.853871964321762
14,Cc1cc(OCCCc2c(C(=O)[O-])[nH]c3cccc(Cl)c23)ccc1Cl,GDELYRQSLEIISRYLREQATGAKDTKPMGRSGATSRKALETLRRVGDGVQRNHETAFQGMLRKLDIKNEDDVKSLSRVMIHVFSDGVTNWGRIVTLISFGAFVAKHLKTINQESCIEPLAESITDVLVRTKRDWLVKQRGWDGFVEFFHV,6.0915149811213505
15,Cc1cc(OCCCc2c(C(=O)[O-])[nH]c3cccc(Cl)c23)cc(C)c1Cl,GDELYRQSLEIISRYLREQATGAKDTKPMGRSGATSRKALETLRRVGDGVQRNHETAFQGMLRKLDIKNEDDVKSLSRVMIHVFSDGVTNWGRIVTLISFGAFVAKHLKTINQESCIEPLAESITDVLVRTKRDWLVKQRGWDGFVEFFHV,6.795880017344075
16,Cc1cc(OCCCc2c(C(=O)[O-])[nH]c3cc(Cl)ccc23)ccc1Cl,GDELYRQSLEIISRYLREQATGAKDTKPMGRSGATSRKALETLRRVGDGVQRNHETAFQGMLRKLDIKNEDDVKSLSRVMIHVFSDGVTNWGRIVTLISFGAFVAKHLKTINQESCIEPLAESITDVLVRTKRDWLVKQRGWDGFVEFFHV,6.721246399047171
17,Cc1cc(OCCCc2c(C(=O)[O-])[nH]c3cc(Cl)ccc23)cc(C)c1Cl,GDELYRQSLEIISRYLREQATGAKDTKPMGRSGATSRKALETLRRVGDGVQRNHETAFQGMLRKLDIKNEDDVKSLSRVMIHVFSDGVTNWGRIVTLISFGAFVAKHLKTINQESCIEPLAESITDVLVRTKRDWLVKQRGWDGFVEFFHV,7.259637310505756
18,Cc1cc(OCCCc2c(C(=O)[O-])n(C)c3ccccc23)cc(C)c1Cl,GDELYRQSLEIISRYLREQATGAKDTKPMGRSGATSRKALETLRRVGDGVQRNHETAFQGMLRKLDIKNEDDVKSLSRVMIHVFSDGVTNWGRIVTLISFGAFVAKHLKTINQESCIEPLAESITDVLVRTKRDWLVKQRGWDGFVEFFHV,6.7447274948966935
19,Cc1cc(OCCCc2c(C(=O)[O-])n(C)c3cc(Cl)ccc23)cc(C)c1Cl,GDELYRQSLEIISRYLREQATGAKDTKPMGRSGATSRKALETLRRVGDGVQRNHETAFQGMLRKLDIKNEDDVKSLSRVMIHVFSDGVTNWGRIVTLISFGAFVAKHLKTINQESCIEPLAESITDVLVRTKRDWLVKQRGWDGFVEFFHV,6.853871964321762
20,Cc1cc(OCCCc2c(C(=O)[O-])sc3ccccc23)cc(C)c1Cl,GDELYRQSLEIISRYLREQATGAKDTKPMGRSGATSRKALETLRRVGDGVQRNHETAFQGMLRKLDIKNEDDVKSLSRVMIHVFSDGVTNWGRIVTLISFGAFVAKHLKTINQESCIEPLAESITDVLVRTKRDWLVKQRGWDGFVEFFHV,6.494850021680094
21,Cc1cc(OCCCc2c(C(=O)[O-])sc3cccc(Cl)c23)cc(C)c1Cl,GDELYRQSLEIISRYLREQATGAKDTKPMGRSGATSRKALETLRRVGDGVQRNHETAFQGMLRKLDIKNEDDVKSLSRVMIHVFSDGVTNWGRIVTLISFGAFVAKHLKTINQESCIEPLAESITDVLVRTKRDWLVKQRGWDGFVEFFHV,5.886056647693163
22,Cc1cc(OCCCc2c(C(=O)[O-])sc3cc(Cl)ccc23)cc(C)c1Cl,GDELYRQSLEIISRYLREQATGAKDTKPMGRSGATSRKALETLRRVGDGVQRNHETAFQGMLRKLDIKNEDDVKSLSRVMIHVFSDGVTNWGRIVTLISFGAFVAKHLKTINQESCIEPLAESITDVLVRTKRDWLVKQRGWDGFVEFFHV,6.6020599913279625
23,Cc1cc(OCCCc2c(C(=O)[O-])sc3c(Cl)cccc23)cc(C)c1Cl,GDELYRQSLEIISRYLREQATGAKDTKPMGRSGATSRKALETLRRVGDGVQRNHETAFQGMLRKLDIKNEDDVKSLSRVMIHVFSDGVTNWGRIVTLISFGAFVAKHLKTINQESCIEPLAESITDVLVRTKRDWLVKQRGWDGFVEFFHV,6.1249387366083
24,Cc1cc(OCCCc2c(C(=O)[O-])oc3ccccc23)cc(C)c1Cl,GDELYRQSLEIISRYLREQATGAKDTKPMGRSGATSRKALETLRRVGDGVQRNHETAFQGMLRKLDIKNEDDVKSLSRVMIHVFSDGVTNWGRIVTLISFGAFVAKHLKTINQESCIEPLAESITDVLVRTKRDWLVKQRGWDGFVEFFHV,5.522878745280337
