Molecule_ID_name,protein,SMILES,label,prediction,docking_score,rDock.Score,rDock.Score.Inter
lig_36,GDELYRQSLEIISRYLREQATGAKDTKPMGRSGATSRKALETLRRVGDGVQRNHETAFQGMLRKLDIKNEDDVKSLSRVMIHVFSDGVTNWGRIVTLISFGAFVAKHLKTINQESCIEPLAESITDVLVRTKRDWLVKQRGWDGFVEFFHV,CCc1cc(OCCCc2c(C(=O)[O-])[nH]c3ccccc23)ccc1Cl,5.958607196807861,6.074750900268555,-9.3,-6.237380952,-4.715
lig_32,GDELYRQSLEIISRYLREQATGAKDTKPMGRSGATSRKALETLRRVGDGVQRNHETAFQGMLRKLDIKNEDDVKSLSRVMIHVFSDGVTNWGRIVTLISFGAFVAKHLKTINQESCIEPLAESITDVLVRTKRDWLVKQRGWDGFVEFFHV,Cc1ccc(OCCCc2c(C(=O)[O-])[nH]c3ccccc23)cc1,4.795879841,6.048265457,-8.728,-5.198809524,-4.041428571
lig_49,GDELYRQSLEIISRYLREQATGAKDTKPMGRSGATSRKALETLRRVGDGVQRNHETAFQGMLRKLDIKNEDDVKSLSRVMIHVFSDGVTNWGRIVTLISFGAFVAKHLKTINQESCIEPLAESITDVLVRTKRDWLVKQRGWDGFVEFFHV,Cc1cc(OCCCc2c(C(=O)[O-])[nH]c3cccc(Cl)c23)ccc1Cl,6.091514587402344,6.307363510131836,-8.642,-5.707619048,-4.703809524
lig_63,GDELYRQSLEIISRYLREQATGAKDTKPMGRSGATSRKALETLRRVGDGVQRNHETAFQGMLRKLDIKNEDDVKSLSRVMIHVFSDGVTNWGRIVTLISFGAFVAKHLKTINQESCIEPLAESITDVLVRTKRDWLVKQRGWDGFVEFFHV,Cc1cc(OCCCc2c(C(=O)[O-])sc3cc(Cl)ccc23)cc(C)c1Cl,6.602059841156006,6.432500839233398,-9.02,-6.587142857,-5.569285714
lig_27,GDELYRQSLEIISRYLREQATGAKDTKPMGRSGATSRKALETLRRVGDGVQRNHETAFQGMLRKLDIKNEDDVKSLSRVMIHVFSDGVTNWGRIVTLISFGAFVAKHLKTINQESCIEPLAESITDVLVRTKRDWLVKQRGWDGFVEFFHV,O=C([O-])c1[nH]c2ccccc2c1CCCOc1ccccc1,4.455931663513184,5.915671348571777,-8.209,-4.772380952,-3.613095238
lig_43,GDELYRQSLEIISRYLREQATGAKDTKPMGRSGATSRKALETLRRVGDGVQRNHETAFQGMLRKLDIKNEDDVKSLSRVMIHVFSDGVTNWGRIVTLISFGAFVAKHLKTINQESCIEPLAESITDVLVRTKRDWLVKQRGWDGFVEFFHV,O=C([O-])c1[nH]c2ccccc2c1CCCOc1ccc2ccccc2c1,5.124938488006592,5.993447303771973,-10.158,-6.265238095,-5.179047619
lig_65,GDELYRQSLEIISRYLREQATGAKDTKPMGRSGATSRKALETLRRVGDGVQRNHETAFQGMLRKLDIKNEDDVKSLSRVMIHVFSDGVTNWGRIVTLISFGAFVAKHLKTINQESCIEPLAESITDVLVRTKRDWLVKQRGWDGFVEFFHV,Cc1cc(OCCCc2c(C(=O)[O-])sc3c(Cl)cccc23)cc(C)c1Cl,6.124938488006592,6.359211921691895,-9.96,-6.287857143,-5.270714286
lig_67,GDELYRQSLEIISRYLREQATGAKDTKPMGRSGATSRKALETLRRVGDGVQRNHETAFQGMLRKLDIKNEDDVKSLSRVMIHVFSDGVTNWGRIVTLISFGAFVAKHLKTINQESCIEPLAESITDVLVRTKRDWLVKQRGWDGFVEFFHV,Cc1cc(OCCCc2c(C(=O)[O-])oc3ccccc23)cc(C)c1Cl,5.522878646850586,6.305645466,-9.622,-6.17452381,-5.008571429
lig_61,GDELYRQSLEIISRYLREQATGAKDTKPMGRSGATSRKALETLRRVGDGVQRNHETAFQGMLRKLDIKNEDDVKSLSRVMIHVFSDGVTNWGRIVTLISFGAFVAKHLKTINQESCIEPLAESITDVLVRTKRDWLVKQRGWDGFVEFFHV,Cc1cc(OCCCc2c(C(=O)[O-])sc3cccc(Cl)c23)cc(C)c1Cl,5.886056423187256,6.393960952758789,-9.638,-6.475714286,-5.285
lig_37,GDELYRQSLEIISRYLREQATGAKDTKPMGRSGATSRKALETLRRVGDGVQRNHETAFQGMLRKLDIKNEDDVKSLSRVMIHVFSDGVTNWGRIVTLISFGAFVAKHLKTINQESCIEPLAESITDVLVRTKRDWLVKQRGWDGFVEFFHV,Cc1cc(OCCCc2c(C(=O)[O-])[nH]c3ccccc23)cc(C)c1Cl,6.522878646850586,6.257295608520508,-9.661,-6.208095238,-5.096190476
lig_48,GDELYRQSLEIISRYLREQATGAKDTKPMGRSGATSRKALETLRRVGDGVQRNHETAFQGMLRKLDIKNEDDVKSLSRVMIHVFSDGVTNWGRIVTLISFGAFVAKHLKTINQESCIEPLAESITDVLVRTKRDWLVKQRGWDGFVEFFHV,O=C([O-])c1[nH]c2ccccc2c1CCCOc1cccc2[nH]ccc12,4.853871822357178,6.0476837158203125,-9.168,-5.868333333,-4.679285714
lig_33,GDELYRQSLEIISRYLREQATGAKDTKPMGRSGATSRKALETLRRVGDGVQRNHETAFQGMLRKLDIKNEDDVKSLSRVMIHVFSDGVTNWGRIVTLISFGAFVAKHLKTINQESCIEPLAESITDVLVRTKRDWLVKQRGWDGFVEFFHV,O=C([O-])c1[nH]c2ccccc2c1CCCOc1ccc(Cl)cc1,5.0087738037109375,5.984184265136719,-8.564,-5.276904762,-4.153571429
lig_52,GDELYRQSLEIISRYLREQATGAKDTKPMGRSGATSRKALETLRRVGDGVQRNHETAFQGMLRKLDIKNEDDVKSLSRVMIHVFSDGVTNWGRIVTLISFGAFVAKHLKTINQESCIEPLAESITDVLVRTKRDWLVKQRGWDGFVEFFHV,Cc1cc(OCCCc2c(C(=O)[O-])[nH]c3cc(Cl)ccc23)ccc1Cl,6.721246242523193,6.348969459533691,-8.911,-6.155238095,-5.013333333
lig_47,GDELYRQSLEIISRYLREQATGAKDTKPMGRSGATSRKALETLRRVGDGVQRNHETAFQGMLRKLDIKNEDDVKSLSRVMIHVFSDGVTNWGRIVTLISFGAFVAKHLKTINQESCIEPLAESITDVLVRTKRDWLVKQRGWDGFVEFFHV,O=C([O-])c1[nH]c2ccccc2c1CCCOc1ccc2ncccc2c1,4.207608222961426,6.121629715,-9.716,-6.156666667,-5.078333333
lig_60,GDELYRQSLEIISRYLREQATGAKDTKPMGRSGATSRKALETLRRVGDGVQRNHETAFQGMLRKLDIKNEDDVKSLSRVMIHVFSDGVTNWGRIVTLISFGAFVAKHLKTINQESCIEPLAESITDVLVRTKRDWLVKQRGWDGFVEFFHV,Cc1cc(OCCCc2c(C(=O)[O-])sc3ccccc23)cc(C)c1Cl,6.494850158691406,6.219806671142578,-9.81,-6.082619048,-5.075952381
lig_31,GDELYRQSLEIISRYLREQATGAKDTKPMGRSGATSRKALETLRRVGDGVQRNHETAFQGMLRKLDIKNEDDVKSLSRVMIHVFSDGVTNWGRIVTLISFGAFVAKHLKTINQESCIEPLAESITDVLVRTKRDWLVKQRGWDGFVEFFHV,O=C([O-])c1[nH]c2ccccc2c1CCCOc1cccc(C(F)(F)F)c1,5.769550800323486,5.991862773895264,-9.088,-5.264761905,-4.10452381
lig_30,GDELYRQSLEIISRYLREQATGAKDTKPMGRSGATSRKALETLRRVGDGVQRNHETAFQGMLRKLDIKNEDDVKSLSRVMIHVFSDGVTNWGRIVTLISFGAFVAKHLKTINQESCIEPLAESITDVLVRTKRDWLVKQRGWDGFVEFFHV,Cc1cccc(OCCCc2c(C(=O)[O-])[nH]c3ccccc23)c1,5.721246242523193,6.086236000061035,-8.775,-5.25452381,-4.126428571
lig_53,GDELYRQSLEIISRYLREQATGAKDTKPMGRSGATSRKALETLRRVGDGVQRNHETAFQGMLRKLDIKNEDDVKSLSRVMIHVFSDGVTNWGRIVTLISFGAFVAKHLKTINQESCIEPLAESITDVLVRTKRDWLVKQRGWDGFVEFFHV,Cc1cc(OCCCc2c(C(=O)[O-])[nH]c3cc(Cl)ccc23)cc(C)c1Cl,7.259636878967285,6.441653251647949,-9.518,-6.516666667,-5.469047619
lig_34,GDELYRQSLEIISRYLREQATGAKDTKPMGRSGATSRKALETLRRVGDGVQRNHETAFQGMLRKLDIKNEDDVKSLSRVMIHVFSDGVTNWGRIVTLISFGAFVAKHLKTINQESCIEPLAESITDVLVRTKRDWLVKQRGWDGFVEFFHV,O=C([O-])c1[nH]c2ccccc2c1CCCOc1ccc(C(F)(F)F)cc1,5.004364967346191,5.987799644470215,-9.406,-5.098333333,-3.968571429
lig_46,GDELYRQSLEIISRYLREQATGAKDTKPMGRSGATSRKALETLRRVGDGVQRNHETAFQGMLRKLDIKNEDDVKSLSRVMIHVFSDGVTNWGRIVTLISFGAFVAKHLKTINQESCIEPLAESITDVLVRTKRDWLVKQRGWDGFVEFFHV,O=C([O-])c1[nH]c2ccccc2c1CCCOc1ccc2c(c1)CCC2,5.537601947784424,6.160683631896973,-9.768,-5.985,-4.835238095